row_id,y_true,general_pred,routed_pred,label
0,7464.0,6858.58984375,6422.46923828125,5000-7500
1,6093.0,6091.01171875,6208.19677734375,5000-7500
2,4995.0,5033.31396484375,5254.23095703125,5000-7500
3,6934.0,6177.9765625,6155.88818359375,5000-7500
4,4409.0,4114.11328125,3985.573486328125,0-5000
5,15898.0,14439.6181640625,14149.013671875,12500-15000
6,11989.0,12167.80859375,12505.90478515625,10000-12500
7,2017.0,2045.1046142578125,2008.433837890625,0-5000
8,11098.0,10977.6220703125,10923.6474609375,10000-12500
9,6794.0,7116.583984375,7369.760009765625,5000-7500
10,10844.0,10761.486328125,10692.140625,10000-12500
11,6094.0,6216.33642578125,6213.06591796875,5000-7500
12,4565.0,5257.85546875,5076.076416015625,5000-7500
13,10493.0,11042.0263671875,10622.599609375,10000-12500
14,9653.0,9646.9873046875,10042.66845703125,7500-10000
15,6961.0,6013.9375,6097.27197265625,5000-7500
16,9794.0,10220.64453125,10209.80126953125,10000-12500
17,13377.0,13168.12890625,13435.046875,12500-15000
18,12898.0,12399.2724609375,11726.2705078125,10000-12500
19,7155.0,7820.4541015625,7330.68115234375,7500-10000
20,13377.0,13220.130859375,13400.5048828125,12500-15000
21,4668.0,4864.99169921875,5192.72509765625,0-5000
22,9653.0,9339.8095703125,9562.70703125,7500-10000
23,14781.0,14638.6083984375,15253.69775390625,12500-15000
24,14151.0,13270.9130859375,13807.525390625,12500-15000
25,13731.0,14161.4443359375,14211.33203125,12500-15000
26,8066.0,8688.5546875,8435.5947265625,7500-10000
27,4804.0,4558.986328125,4951.124267578125,0-5000
28,4804.0,4738.26904296875,5157.591064453125,0-5000
29,15129.0,15104.091796875,14188.0478515625,gte_15000
30,15129.0,15113.046875,14171.47314453125,gte_15000
31,11200.0,10672.916015625,11167.5283203125,10000-12500
32,3210.0,3633.593505859375,3727.562255859375,0-5000
33,8040.0,7947.48876953125,6837.828125,7500-10000
34,10919.0,10892.751953125,10922.82421875,10000-12500
35,6442.0,6416.943359375,6443.5068359375,5000-7500
36,3841.0,3780.847412109375,3851.3056640625,0-5000
37,10441.0,10432.1396484375,10091.548828125,10000-12500
38,13587.0,10626.6328125,12130.7470703125,10000-12500
39,11467.0,12341.0791015625,12465.02197265625,10000-12500
40,3597.0,3634.447265625,3609.526123046875,0-5000
41,7787.0,8921.703125,7681.6865234375,7500-10000
42,3540.0,3792.524658203125,3699.22021484375,0-5000
43,6442.0,6858.0888671875,6573.7001953125,5000-7500
44,3383.0,3317.070556640625,3273.516357421875,0-5000
45,4409.0,4144.35986328125,3873.490966796875,0-5000
46,3850.0,3823.08447265625,3866.45263671875,0-5000
47,8018.0,8973.4404296875,9058.5556640625,7500-10000
48,4668.0,4699.125,5359.54541015625,0-5000
49,13922.0,13743.4013671875,13334.1025390625,12500-15000
50,3625.0,3122.204345703125,3132.358154296875,0-5000
51,5989.0,4681.1376953125,5205.8369140625,0-5000
52,4423.0,4355.978515625,4365.2646484375,0-5000
53,9564.0,9028.0439453125,9531.28515625,7500-10000
54,8529.0,8769.8486328125,8489.5947265625,7500-10000
55,4145.0,4249.32470703125,4118.72900390625,0-5000
56,4804.0,4866.71875,4980.146728515625,0-5000
57,6938.0,6889.2158203125,7017.81005859375,5000-7500
58,13014.0,13131.1064453125,13081.0283203125,12500-15000
59,11201.0,12367.3359375,11966.556640625,10000-12500
60,12692.0,12780.4951171875,12032.0048828125,12500-15000
61,9646.0,9824.06640625,10403.01806640625,7500-10000
62,16079.0,15893.5712890625,16191.056640625,gte_15000
63,6117.0,6721.44775390625,6125.27294921875,5000-7500
64,6795.0,8330.77734375,8026.3681640625,7500-10000
65,3100.0,3250.71533203125,3440.029052734375,0-5000
66,15851.0,17188.51171875,16527.62109375,gte_15000
67,3687.0,3715.736572265625,3688.115966796875,0-5000
68,15554.0,15561.7978515625,15558.7001953125,gte_15000
69,9526.0,9613.7080078125,10184.27099609375,7500-10000
70,6015.0,6120.18359375,6273.669921875,5000-7500
71,10676.0,10473.4677734375,9956.7392578125,10000-12500
72,12898.0,12817.8779296875,11711.60986328125,12500-15000
73,15129.0,16608.14453125,16691.130859375,gte_15000
74,4174.0,3967.19384765625,4018.838623046875,0-5000
75,9103.0,9474.9375,8946.013671875,7500-10000
76,3850.0,3888.153076171875,3827.53955078125,0-5000
77,6216.0,6413.63916015625,6194.11865234375,5000-7500
78,10539.0,10180.08203125,9425.4375,10000-12500
79,7618.0,11646.8427734375,11589.1064453125,10000-12500
80,3943.0,4465.87255859375,4474.83251953125,0-5000
81,13292.0,13252.0009765625,13299.92578125,12500-15000
82,13014.0,13090.279296875,13011.041015625,12500-15000
83,10711.0,12019.572265625,12209.56103515625,10000-12500
84,12434.0,12583.1806640625,12306.4970703125,12500-15000
85,5201.0,5450.0693359375,5030.526123046875,5000-7500
86,4878.0,5208.65771484375,5576.996337890625,5000-7500
87,13014.0,13115.349609375,13025.9345703125,12500-15000
88,3597.0,3619.55126953125,3654.829833984375,0-5000
89,10844.0,10901.390625,10857.537109375,10000-12500
90,12898.0,12841.2890625,12385.89990234375,12500-15000
91,3943.0,4261.51318359375,4412.84033203125,0-5000
92,7198.0,11918.9287109375,11377.927734375,10000-12500
93,4963.0,4802.67822265625,5327.447509765625,0-5000
94,12373.0,12221.041015625,12702.65478515625,10000-12500
95,9314.0,9978.3154296875,10126.150390625,7500-10000
96,11789.0,11149.27734375,11511.5673828125,10000-12500
97,10467.0,10188.169921875,9994.08740234375,10000-12500
98,7408.0,12522.98046875,12734.58056640625,12500-15000
99,7480.0,7594.78662109375,7707.70703125,7500-10000
100,3841.0,3750.874755859375,3756.077880859375,0-5000
101,3543.0,3524.531494140625,3547.989501953125,0-5000
102,10493.0,10512.2490234375,10645.8701171875,10000-12500
103,9103.0,10242.587890625,9992.95703125,10000-12500
104,10844.0,11030.1396484375,11079.654296875,10000-12500
105,4823.0,4702.22216796875,5431.98583984375,0-5000
106,8529.0,8399.0654296875,8591.802734375,7500-10000
107,9663.0,10059.0498046875,10165.40283203125,10000-12500
108,10368.0,10447.90234375,9974.78271484375,10000-12500
109,10151.0,10399.857421875,10015.16259765625,10000-12500
110,3543.0,3407.04833984375,3521.72802734375,0-5000
111,7530.0,8079.36767578125,8010.55908203125,7500-10000
112,6805.0,8021.80029296875,8029.3203125,7500-10000
113,3419.0,4185.017578125,3869.968017578125,0-5000
114,7120.0,6808.25048828125,6984.705078125,5000-7500
115,14151.0,13460.6640625,13773.0712890625,12500-15000
116,3100.0,3271.423828125,3117.951416015625,0-5000
117,12121.0,12015.2548828125,12342.001953125,10000-12500
118,2017.0,2196.52099609375,2205.6044921875,0-5000
119,2647.0,2398.013427734375,2563.173828125,0-5000
120,6147.0,6140.4599609375,6260.412109375,5000-7500
121,14237.0,14328.6162109375,14273.37109375,12500-15000
122,13044.0,13231.9248046875,13203.5849609375,12500-15000
123,15554.0,15687.9833984375,15818.8818359375,gte_15000
124,8372.0,8114.9501953125,8323.9619140625,7500-10000
125,10844.0,10908.8427734375,10856.2646484375,10000-12500
126,9555.0,9597.8974609375,10206.93505859375,7500-10000
127,8839.0,9592.755859375,10189.0712890625,7500-10000
128,10151.0,10191.1123046875,9955.20751953125,10000-12500
129,11432.0,11661.470703125,11639.0595703125,10000-12500
130,9626.0,9756.091796875,9778.02783203125,7500-10000
131,10623.0,10497.5810546875,9781.2685546875,10000-12500
132,9564.0,9346.8740234375,9391.6103515625,7500-10000
133,14781.0,14539.6982421875,15127.50341796875,12500-15000
134,7229.0,7256.2783203125,7582.111328125,5000-7500
135,5684.0,6023.134765625,5895.294921875,5000-7500
136,14388.0,14118.02734375,14271.1181640625,12500-15000
137,5515.0,4885.509765625,4955.6171875,0-5000
138,12692.0,12687.302734375,11941.76904296875,12500-15000
139,9314.0,11303.9345703125,11828.0263671875,10000-12500
140,3873.0,3953.39404296875,4077.85107421875,0-5000
141,4807.0,4452.408203125,4577.17578125,0-5000
142,14848.0,14232.189453125,14578.5615234375,12500-15000
143,6171.0,6147.5205078125,6188.4716796875,5000-7500
144,1965.0,2009.09033203125,2024.0640869140625,0-5000
145,10539.0,11121.8681640625,10889.44921875,10000-12500
146,4483.0,4653.69384765625,5257.026611328125,0-5000
147,10844.0,10126.0634765625,9921.42529296875,10000-12500
148,11642.0,11747.482421875,11648.158203125,10000-12500
149,4878.0,4761.70166015625,5437.0498046875,0-5000
150,2227.0,2185.603271484375,2185.673095703125,0-5000
151,10844.0,10701.7158203125,10843.072265625,10000-12500
152,10262.0,10386.4619140625,9572.03857421875,10000-12500
153,4544.0,5087.1142578125,4819.868408203125,5000-7500
154,6144.0,5183.16796875,5053.69970703125,5000-7500
155,10118.0,10748.974609375,10506.4873046875,10000-12500
156,14687.0,15727.4189453125,17180.166015625,gte_15000
157,9254.0,11319.83984375,11004.3681640625,10000-12500
158,10368.0,10324.0341796875,9588.62255859375,10000-12500
159,14571.0,14343.01953125,14433.8466796875,12500-15000
160,7229.0,7068.01318359375,7573.33544921875,5000-7500
161,6093.0,6005.75439453125,6145.658203125,5000-7500
162,3597.0,3657.455322265625,3614.2431640625,0-5000
163,4544.0,4341.78662109375,4377.71484375,0-5000
164,3597.0,3725.202880859375,3721.73779296875,0-5000
165,7480.0,7600.6630859375,7801.1796875,7500-10000
166,9922.0,9572.583984375,10046.92431640625,7500-10000
167,7229.0,7233.63134765625,7774.969970703125,5000-7500
168,14300.0,14375.6201171875,14345.6630859375,12500-15000
169,10678.0,10597.48046875,10702.3076171875,10000-12500
170,9450.0,6696.892578125,6922.98779296875,5000-7500
171,5386.0,5446.97021484375,5046.785888671875,5000-7500
172,15129.0,15228.1826171875,14199.83544921875,gte_15000
173,6412.0,6558.73779296875,6623.86767578125,5000-7500
174,15339.0,14021.49609375,12822.3671875,12500-15000
175,4878.0,4750.4482421875,5427.57666015625,0-5000
176,12373.0,12372.580078125,12894.86865234375,10000-12500
177,14571.0,14592.44140625,15245.205078125,12500-15000
178,10262.0,10304.7060546875,9506.23193359375,10000-12500
179,10577.0,10398.5234375,9801.2255859375,10000-12500
180,3841.0,3978.5029296875,3903.862548828125,0-5000
181,8759.0,8781.0322265625,8709.6416015625,7500-10000
182,7503.0,7238.837890625,7810.41845703125,5000-7500
183,5883.0,6231.45751953125,6079.5712890625,5000-7500
184,12692.0,12463.8818359375,11921.34765625,10000-12500
185,2017.0,2062.637939453125,1938.424072265625,0-5000
186,8603.0,9198.84375,9253.5185546875,7500-10000
187,5769.0,6137.94873046875,5977.86962890625,5000-7500
188,3625.0,3625.60302734375,3716.919677734375,0-5000
189,8854.0,8738.1845703125,8018.97900390625,7500-10000
190,2754.0,2925.642822265625,2885.54833984375,0-5000
191,8372.0,8884.177734375,8619.6123046875,7500-10000
192,10262.0,10338.78515625,9602.99609375,10000-12500
193,3540.0,3599.248046875,3510.321533203125,0-5000
194,8016.0,8107.3955078125,7992.2763671875,7500-10000
195,6451.0,6690.5302734375,6832.03564453125,5000-7500
196,13067.0,11975.03515625,11357.86328125,10000-12500
197,11467.0,12522.138671875,12285.416015625,12500-15000
198,10203.0,10246.37890625,9365.97900390625,10000-12500
199,13276.0,12667.396484375,12386.7939453125,12500-15000
200,10844.0,10721.8115234375,10849.3447265625,10000-12500
201,4990.0,4890.6953125,5387.70849609375,0-5000
202,14388.0,14339.609375,14215.6640625,12500-15000
203,10844.0,10944.89453125,10782.4013671875,10000-12500
204,4995.0,4960.4326171875,5341.816162109375,0-5000
205,9794.0,10807.8017578125,10757.900390625,10000-12500
206,4226.0,4312.8046875,4244.142578125,0-5000
207,8529.0,7918.08251953125,7525.624267578125,7500-10000
208,9416.0,9655.4169921875,9866.421875,7500-10000
209,11507.0,10954.9580078125,10957.48828125,10000-12500
210,7038.0,7121.36865234375,7734.3984375,5000-7500
211,4959.0,6067.6103515625,6016.79296875,5000-7500
212,5678.0,5825.65869140625,5795.46533203125,5000-7500
213,7229.0,7148.7314453125,7514.257568359375,5000-7500
214,14571.0,14782.873046875,15305.8798828125,12500-15000
215,13873.0,14027.671875,14067.939453125,12500-15000
216,10262.0,10225.248046875,9509.33740234375,10000-12500
217,15129.0,15122.2080078125,14087.78125,gte_15000
218,4804.0,4907.8212890625,5102.503662109375,0-5000
219,5199.0,6361.82177734375,6085.78662109375,5000-7500
220,6416.0,6515.24560546875,6378.03076171875,5000-7500
221,8586.0,9576.1884765625,9815.55517578125,7500-10000
222,5769.0,5652.60498046875,6226.67138671875,5000-7500
223,8040.0,7941.21533203125,6815.622314453125,7500-10000
224,8366.0,8664.3232421875,8701.3291015625,7500-10000
225,7354.0,9392.6474609375,9731.87890625,7500-10000
226,11622.0,11512.4736328125,11812.3095703125,10000-12500
227,12723.0,12261.9375,12022.1279296875,10000-12500
228,6412.0,6934.322265625,6603.6455078125,5000-7500
229,8891.0,8750.2763671875,8751.6875,7500-10000
230,10368.0,10522.88671875,10288.287109375,10000-12500
231,14571.0,14473.021484375,14430.7119140625,12500-15000
232,14151.0,12812.9794921875,12699.5078125,12500-15000
233,6812.0,8693.736328125,8166.6162109375,7500-10000
234,11150.0,11532.791015625,11210.498046875,10000-12500
235,5912.0,5883.60791015625,5942.435546875,5000-7500
236,8907.0,8623.75390625,8734.8642578125,7500-10000
237,6327.0,6254.591796875,6190.11962890625,5000-7500
238,3543.0,3564.930908203125,3574.86962890625,0-5000
239,15058.0,14903.3984375,15075.92333984375,12500-15000
240,13941.0,13808.9658203125,14034.33984375,12500-15000
241,7317.0,6127.8349609375,5868.29248046875,5000-7500
242,15129.0,15152.556640625,14199.23583984375,gte_15000
243,9663.0,9244.5419921875,8876.05859375,7500-10000
244,5065.0,6431.07568359375,6236.7158203125,5000-7500
245,8907.0,8593.3525390625,8855.9794921875,7500-10000
246,13587.0,13643.1435546875,13567.29296875,12500-15000
247,10262.0,10673.9150390625,10249.2607421875,10000-12500
248,14781.0,14339.2939453125,14061.2255859375,12500-15000
249,9663.0,10069.236328125,10305.56884765625,10000-12500
250,10203.0,10740.1767578125,11186.8095703125,10000-12500
251,13941.0,14111.0,14085.7705078125,12500-15000
252,10262.0,10281.4658203125,9403.15087890625,10000-12500
253,3543.0,3485.251220703125,3523.62646484375,0-5000
254,15554.0,15461.3779296875,15117.1767578125,gte_15000
255,10844.0,10844.55859375,10849.1435546875,10000-12500
256,12692.0,11974.4775390625,11232.142578125,10000-12500
257,3210.0,3355.865966796875,3222.087890625,0-5000
258,9601.0,9443.955078125,8869.1259765625,7500-10000
259,13377.0,7629.44482421875,7699.330078125,7500-10000
260,2753.0,2448.47265625,2619.12109375,0-5000
261,3311.0,3708.32275390625,3687.588134765625,0-5000
262,4226.0,4324.41357421875,4174.95263671875,0-5000
263,12524.0,12300.8876953125,12273.978515625,10000-12500
264,13882.0,13990.5634765625,13861.6982421875,12500-15000
265,15129.0,14871.0478515625,14185.5986328125,12500-15000
266,10844.0,10794.5966796875,10818.98046875,10000-12500
267,14178.0,14006.640625,14140.4716796875,12500-15000
268,10368.0,10352.6787109375,9856.85302734375,10000-12500
269,4804.0,4806.6015625,5078.22216796875,0-5000
270,3873.0,4094.4189453125,4193.97802734375,0-5000
271,3841.0,3806.960693359375,3819.583984375,0-5000
272,5457.0,6293.4970703125,5932.0244140625,5000-7500
273,14781.0,14620.2783203125,15075.232421875,12500-15000
274,4668.0,4666.22509765625,5339.647216796875,0-5000
275,9564.0,8757.0703125,9226.4150390625,7500-10000
276,7191.0,6983.8173828125,7011.625,5000-7500
277,14388.0,14170.908203125,14260.798828125,12500-15000
278,3625.0,3888.998779296875,3794.6240234375,0-5000
279,8266.0,7915.51416015625,7664.8798828125,7500-10000
280,10944.0,10187.91015625,10370.12890625,10000-12500
281,8085.0,8254.498046875,8171.02978515625,7500-10000
282,8016.0,8056.10009765625,8006.61083984375,7500-10000
283,7005.0,7303.64453125,7380.67431640625,5000-7500
284,4804.0,5035.3779296875,5025.828125,5000-7500
285,3100.0,2971.173095703125,3096.974365234375,0-5000
286,13067.0,12541.203125,12466.0419921875,12500-15000
287,10368.0,10403.8681640625,9693.94677734375,10000-12500
288,3311.0,3474.34375,3385.87255859375,0-5000
289,8452.0,9121.9990234375,8953.6435546875,7500-10000
290,9314.0,9080.8671875,9213.16796875,7500-10000
291,6386.0,6684.3955078125,6617.38671875,5000-7500
292,13377.0,13524.7509765625,13399.005859375,12500-15000
293,4483.0,4415.4951171875,4401.85791015625,0-5000
294,12898.0,12831.7197265625,11707.44189453125,12500-15000
295,14571.0,14495.052734375,14474.509765625,12500-15000
296,4049.0,3944.279541015625,4009.51318359375,0-5000
297,3873.0,4049.225341796875,3943.658203125,0-5000
298,7480.0,7468.03466796875,7804.186279296875,5000-7500
299,8541.0,8348.759765625,8250.19921875,7500-10000
300,3597.0,3662.139892578125,3583.950439453125,0-5000
301,14571.0,14711.71875,15243.97900390625,12500-15000
302,6853.0,7006.708984375,7444.822998046875,5000-7500
303,16704.0,16608.14453125,16691.130859375,gte_15000
304,3573.0,3659.13525390625,3455.6591796875,0-5000
305,9345.0,9143.3369140625,8999.5947265625,7500-10000
306,13014.0,13067.814453125,13011.044921875,12500-15000
307,13797.0,8246.5615234375,7937.87646484375,7500-10000
308,3597.0,3706.3857421875,3628.69970703125,0-5000
309,13731.0,13973.880859375,13922.3603515625,12500-15000
310,12898.0,12875.486328125,12387.7666015625,12500-15000
311,14714.0,14454.45703125,14735.626953125,12500-15000
312,5769.0,5876.92041015625,6122.7861328125,5000-7500
313,5000.0,5369.04052734375,5232.18603515625,5000-7500
315,13727.0,12784.984375,12133.8388671875,12500-15000
316,14388.0,14287.72265625,14367.2900390625,12500-15000
317,13033.0,12934.8759765625,12507.7666015625,12500-15000
318,6769.0,6327.62353515625,6428.13134765625,5000-7500
319,5192.0,6119.66357421875,5736.96728515625,5000-7500
320,4995.0,4213.10107421875,3869.611572265625,0-5000
321,7480.0,7450.7841796875,7727.03955078125,5000-7500
322,5198.0,5037.82470703125,5254.927734375,5000-7500
323,10368.0,10800.5400390625,10511.7880859375,10000-12500
324,8040.0,7983.42431640625,6945.517333984375,7500-10000
325,14571.0,14572.3056640625,15371.2412109375,12500-15000
326,7354.0,8934.9619140625,8978.4736328125,7500-10000
327,8073.0,13177.1279296875,13729.052734375,12500-15000
328,10975.0,10877.3076171875,10991.986328125,10000-12500
329,7038.0,7242.20703125,7845.752685546875,5000-7500
330,15554.0,15168.052734375,15178.6376953125,gte_15000
331,5228.0,5640.72705078125,5629.95166015625,5000-7500
332,5636.0,5723.6337890625,5882.84521484375,5000-7500
333,9653.0,9333.0068359375,8951.771484375,7500-10000
334,8586.0,9104.4560546875,9223.896484375,7500-10000
335,2017.0,2106.890380859375,2037.0819091796875,0-5000
336,9345.0,9510.5927734375,9940.7001953125,7500-10000
337,13292.0,13229.3583984375,13316.3291015625,12500-15000
338,7952.0,7598.4580078125,7771.2119140625,7500-10000
339,5883.0,6117.21484375,6121.9501953125,5000-7500
340,8016.0,8016.0419921875,7975.06884765625,7500-10000
341,4174.0,4109.40478515625,4207.96435546875,0-5000
342,10696.0,10170.9970703125,10207.14501953125,10000-12500
343,4878.0,4779.8974609375,5446.18994140625,0-5000
344,7198.0,7777.69677734375,7558.812255859375,7500-10000
345,9314.0,9007.72265625,8545.6357421875,7500-10000
346,4423.0,4354.32080078125,4492.859375,0-5000
347,9929.0,9681.1376953125,10179.916015625,7500-10000
348,8266.0,8690.4150390625,8531.6240234375,7500-10000
349,10877.0,10633.01171875,11244.84375,10000-12500
350,4804.0,4721.2373046875,5025.607666015625,0-5000
351,13587.0,12961.7431640625,12378.75048828125,12500-15000
352,6628.0,6741.861328125,6702.328125,5000-7500
353,5601.0,5312.91162109375,5279.594482421875,5000-7500
354,3943.0,3916.981689453125,3982.640625,0-5000
355,9663.0,9864.6689453125,10143.822265625,7500-10000
356,10368.0,10337.970703125,9602.2197265625,10000-12500
357,5883.0,6051.7861328125,6112.541015625,5000-7500
358,4804.0,5033.13818359375,5083.794921875,5000-7500
359,9646.0,8908.4736328125,8714.078125,7500-10000
360,11467.0,12324.009765625,12683.2998046875,10000-12500
361,5192.0,5965.46923828125,5228.59716796875,5000-7500
362,13376.0,13360.1572265625,13380.3232421875,12500-15000
363,13727.0,8469.9921875,8078.01513671875,7500-10000
364,9555.0,9509.916015625,10183.294921875,7500-10000
365,12819.0,12820.8251953125,12005.47998046875,12500-15000
366,10262.0,10268.138671875,9569.47998046875,10000-12500
367,14781.0,14643.8310546875,15194.46240234375,12500-15000
368,5678.0,5981.2177734375,5658.05615234375,5000-7500
369,7804.0,8283.123046875,8354.697265625,7500-10000
370,10262.0,10218.765625,9636.548828125,10000-12500
371,5198.0,5267.22314453125,4893.51318359375,5000-7500
372,4049.0,4248.49658203125,4050.31201171875,0-5000
373,3383.0,3751.9296875,3748.1435546875,0-5000
374,7174.0,7533.33203125,7668.038330078125,7500-10000
375,8907.0,9142.8173828125,8813.8232421875,7500-10000
376,13014.0,13139.6513671875,13021.3642578125,12500-15000
377,13584.0,14439.328125,14130.3564453125,12500-15000
378,4107.0,3822.2685546875,3917.287109375,0-5000
379,12373.0,12296.3115234375,12873.3232421875,10000-12500
380,8529.0,8152.54833984375,8276.7998046875,7500-10000
381,14571.0,14270.8291015625,14413.5712890625,12500-15000
382,15129.0,16608.14453125,16691.130859375,gte_15000
383,8016.0,8070.24560546875,7974.70458984375,7500-10000
384,4804.0,4730.38037109375,5045.33056640625,0-5000
385,9663.0,8922.744140625,8600.384765625,7500-10000
386,12723.0,12841.0869140625,11955.12841796875,12500-15000
387,3419.0,3983.45654296875,4101.24267578125,0-5000
388,10262.0,10078.0380859375,9531.54638671875,10000-12500
389,12609.0,13273.8173828125,13283.146484375,12500-15000
390,4668.0,4586.21533203125,5324.323974609375,0-5000
391,1965.0,1993.5545654296875,1987.34375,0-5000
392,4049.0,4115.5791015625,4153.90234375,0-5000
393,4804.0,4724.291015625,5013.30029296875,0-5000
394,3850.0,3866.22265625,3852.978515625,0-5000
395,3540.0,3569.14306640625,3519.5546875,0-5000
396,10844.0,10537.6318359375,10945.5771484375,10000-12500
397,5277.0,5219.21435546875,4399.4168701171875,5000-7500
398,3841.0,3795.207763671875,3841.19140625,0-5000
399,10877.0,11754.158203125,11095.728515625,10000-12500
400,14151.0,14085.0712890625,14081.5576171875,12500-15000
401,14237.0,14120.8056640625,14209.94921875,12500-15000
402,2754.0,2781.163330078125,2920.87158203125,0-5000
403,11306.0,10840.095703125,10812.9130859375,10000-12500
404,5192.0,5901.76513671875,5659.6025390625,5000-7500
405,3687.0,3713.5830078125,3685.177001953125,0-5000
406,12192.0,12026.2138671875,12603.43408203125,10000-12500
407,12898.0,12611.4072265625,11919.25244140625,12500-15000
408,14924.0,14767.8876953125,15409.3134765625,12500-15000
409,8479.0,8078.67333984375,8651.134765625,7500-10000
410,6943.0,7458.10107421875,7785.529052734375,5000-7500
411,7354.0,7951.24609375,7726.459716796875,7500-10000
412,12192.0,12383.4033203125,12447.65576171875,10000-12500
413,3943.0,4418.4404296875,4264.58984375,0-5000
414,15129.0,15238.5576171875,14212.67236328125,gte_15000
415,13882.0,13992.22265625,13983.1259765625,12500-15000
416,5403.0,5332.7626953125,5128.856201171875,5000-7500
417,4878.0,5080.99609375,5129.672607421875,5000-7500
418,3625.0,3277.098876953125,3356.05224609375,0-5000
419,10262.0,10436.6904296875,9886.88671875,10000-12500
420,7485.0,7645.6962890625,7661.010986328125,7500-10000
421,11222.0,11451.2275390625,11133.8974609375,10000-12500
422,12121.0,13124.6162109375,13906.9697265625,12500-15000
423,10697.0,10643.203125,11065.1259765625,10000-12500
424,12373.0,11827.373046875,12225.609375,10000-12500
425,6381.0,6655.0224609375,6610.01123046875,5000-7500
426,10368.0,10388.640625,9865.73974609375,10000-12500
427,4823.0,4875.4130859375,5312.970703125,0-5000
428,2227.0,2228.041259765625,2227.548583984375,0-5000
429,10262.0,10427.1142578125,9585.31591796875,10000-12500
430,4030.0,4812.31396484375,4952.426513671875,0-5000
431,5000.0,5203.7451171875,5224.49072265625,5000-7500
432,5264.0,5310.9375,5084.707275390625,5000-7500
433,7229.0,7413.1845703125,7595.502197265625,5000-7500
434,10577.0,10268.32421875,10102.56396484375,10000-12500
435,12723.0,12208.408203125,12156.07080078125,10000-12500
436,14714.0,14982.513671875,15228.53759765625,12500-15000
437,10203.0,10471.107421875,9654.76318359375,10000-12500
438,13014.0,13053.2880859375,13022.4130859375,12500-15000
439,8073.0,7740.15966796875,7514.368408203125,7500-10000
440,4804.0,4875.6513671875,5012.749267578125,0-5000
441,4864.0,5268.466796875,5328.83642578125,5000-7500
442,8366.0,8917.2578125,8422.5791015625,7500-10000
443,13292.0,13302.0732421875,13289.71484375,12500-15000
444,7171.0,6998.6337890625,7173.396484375,5000-7500
445,12121.0,12759.533203125,12594.3583984375,12500-15000
446,11753.0,11907.92578125,11774.5947265625,10000-12500
447,10262.0,10410.2275390625,9729.31787109375,10000-12500
448,5277.0,5406.087890625,4454.675537109375,5000-7500
449,8016.0,8112.4189453125,8245.6630859375,7500-10000
450,7594.0,6985.33154296875,6224.24462890625,5000-7500
451,4483.0,4073.3125,3810.6357421875,0-5000
452,16263.0,16591.6796875,15993.388671875,gte_15000
453,13243.0,12090.8330078125,12746.23583984375,10000-12500
454,6478.0,6044.1689453125,6093.1298828125,5000-7500
455,8016.0,7934.7314453125,7576.3935546875,7500-10000
456,4145.0,4179.6767578125,4162.66162109375,0-5000
457,12409.0,12394.4921875,12763.2431640625,10000-12500
458,4107.0,4044.063232421875,3876.20947265625,0-5000
459,11911.0,11829.5234375,11910.07421875,10000-12500
460,11458.0,11375.060546875,11553.8046875,10000-12500
461,6152.0,6292.69384765625,6446.56640625,5000-7500
462,10844.0,10491.1513671875,9651.10498046875,10000-12500
463,11982.0,11830.1640625,11980.1025390625,10000-12500
464,13941.0,14764.205078125,15075.12841796875,12500-15000
465,15339.0,12855.8359375,12342.59765625,12500-15000
466,6093.0,6147.01123046875,6121.455078125,5000-7500
467,8907.0,9038.1396484375,8931.6142578125,7500-10000
468,9663.0,9947.5068359375,9989.455078125,7500-10000
469,7160.0,6548.92041015625,6528.84814453125,5000-7500
470,5678.0,5692.09375,5701.69580078125,5000-7500
471,8907.0,8495.03515625,8855.9521484375,7500-10000
472,3210.0,4501.3916015625,4981.2772216796875,0-5000
473,6961.0,6007.65234375,5588.80712890625,5000-7500
474,11467.0,11999.7314453125,11305.166015625,10000-12500
475,10919.0,10835.3818359375,10916.107421875,10000-12500
476,9069.0,8424.46484375,7925.0498046875,7500-10000
477,4649.0,4787.35107421875,5178.325439453125,0-5000
478,4823.0,4851.4423828125,5422.5458984375,0-5000
479,6528.0,6459.017578125,6526.37939453125,5000-7500
480,4804.0,4812.54541015625,5089.12548828125,0-5000
481,10368.0,10203.4267578125,9918.01513671875,10000-12500
482,6015.0,6001.994140625,6059.62841796875,5000-7500
483,4804.0,4999.64453125,5031.5400390625,0-5000
484,13941.0,14105.978515625,14205.0576171875,12500-15000
485,5162.0,5946.77880859375,5938.33935546875,5000-7500
486,14781.0,14371.5205078125,14688.732421875,12500-15000
487,7757.0,9019.2373046875,8735.3232421875,7500-10000
488,3419.0,3818.865478515625,3772.656005859375,0-5000
489,10262.0,10363.345703125,9725.865234375,10000-12500
490,3100.0,3231.599609375,3221.994140625,0-5000
491,9663.0,9454.458984375,9609.8447265625,7500-10000
492,4544.0,4735.12451171875,5183.65869140625,0-5000
493,4050.0,3649.62451171875,3480.21826171875,0-5000
494,9187.0,8602.4560546875,8766.3671875,7500-10000
495,11668.0,12494.3994140625,12326.8798828125,10000-12500
496,13381.0,13407.5888671875,13520.1513671875,12500-15000
497,8073.0,7254.9541015625,7720.868896484375,5000-7500
498,12739.0,12806.4521484375,12461.35107421875,12500-15000
499,5989.0,4659.09716796875,5141.28515625,0-5000
500,8891.0,8453.62890625,8348.9228515625,7500-10000
501,4544.0,4975.42578125,5341.683349609375,0-5000
502,10262.0,10460.9541015625,9809.47509765625,10000-12500
503,9345.0,9219.2880859375,9077.6474609375,7500-10000
504,6838.0,6404.21337890625,6894.38720703125,5000-7500
505,3943.0,3939.664794921875,3879.825439453125,0-5000
506,3573.0,3542.760986328125,3509.952880859375,0-5000
507,3841.0,3916.7255859375,3891.510498046875,0-5000
508,9646.0,8570.65625,9111.748046875,7500-10000
509,13941.0,13919.9892578125,14200.56640625,12500-15000
510,10844.0,10468.0712890625,10187.3720703125,10000-12500
511,14714.0,14599.845703125,15616.7138671875,12500-15000
512,11467.0,12335.4716796875,12522.53515625,10000-12500
513,3943.0,4149.60009765625,4152.185546875,0-5000
514,4804.0,4983.29638671875,5018.276123046875,0-5000
515,12819.0,13106.8671875,12858.4892578125,12500-15000
516,14714.0,14526.0361328125,15404.33251953125,12500-15000
517,8040.0,7997.62158203125,6917.0595703125,7500-10000
518,16840.0,16297.94921875,16244.5859375,gte_15000
519,15554.0,15724.1494140625,15723.94921875,gte_15000
520,8452.0,8878.23046875,9022.9775390625,7500-10000
521,11761.0,11334.568359375,10960.083984375,10000-12500
522,14848.0,14677.390625,15353.1171875,12500-15000
523,10368.0,10362.4443359375,9875.90966796875,10000-12500
524,9863.0,9985.298828125,10609.158203125,7500-10000
525,10262.0,9704.931640625,9893.90478515625,7500-10000
526,4668.0,4674.0810546875,5418.11669921875,0-5000
527,9103.0,9531.443359375,9748.93896484375,7500-10000
528,10262.0,10308.1494140625,9577.53173828125,10000-12500
529,4525.0,5619.65185546875,6011.44140625,5000-7500
530,5228.0,6233.16357421875,5975.2236328125,5000-7500
531,8040.0,7941.892578125,6834.550048828125,7500-10000
532,6015.0,5663.8349609375,5848.78515625,5000-7500
533,8283.0,8414.3642578125,9221.716796875,7500-10000
534,3543.0,3550.911865234375,3559.605224609375,0-5000
535,5276.0,4660.1494140625,4947.586669921875,0-5000
536,14151.0,13168.7451171875,13557.9560546875,12500-15000
537,8040.0,7928.39697265625,6861.262451171875,7500-10000
538,3543.0,3561.3642578125,3540.95068359375,0-5000
539,4823.0,4789.55908203125,5286.200439453125,0-5000
540,14388.0,14272.57421875,14125.048828125,12500-15000
541,3543.0,3662.5478515625,3495.1904296875,0-5000
542,10844.0,10852.044921875,10846.513671875,10000-12500
543,10844.0,11139.6669921875,10842.8955078125,10000-12500
544,4957.0,5200.31005859375,5180.02880859375,5000-7500
545,6442.0,6482.7939453125,6394.10107421875,5000-7500
546,7480.0,7653.72216796875,7735.42236328125,7500-10000
547,14781.0,14704.1171875,15118.77099609375,12500-15000
548,9646.0,9913.2490234375,10328.1513671875,7500-10000
549,14424.0,14196.0224609375,13932.05078125,12500-15000
550,13014.0,13075.1240234375,13024.2470703125,12500-15000
551,5228.0,5869.78759765625,5536.61572265625,5000-7500
552,3543.0,3573.782470703125,3548.998291015625,0-5000
553,15129.0,15479.736328125,14340.83203125,gte_15000
554,6093.0,5975.08154296875,6068.33056640625,5000-7500
555,7408.0,11558.3193359375,11983.0576171875,10000-12500
556,6534.0,6852.86865234375,6878.90478515625,5000-7500
557,13029.0,13089.8330078125,13028.4287109375,12500-15000
558,8016.0,7961.28369140625,7506.839599609375,7500-10000
559,12760.0,12772.2236328125,12486.8857421875,12500-15000
560,12199.0,12378.9404296875,12593.33203125,10000-12500
561,14067.0,7984.0166015625,7770.253662109375,7500-10000
562,8016.0,8073.732421875,8272.2734375,7500-10000
563,5510.0,5653.20068359375,5647.4765625,5000-7500
564,10919.0,11044.0224609375,10927.43359375,10000-12500
565,4804.0,4843.52587890625,5062.21484375,0-5000
566,6979.0,7070.52880859375,7396.690185546875,5000-7500
567,6094.0,6603.91455078125,6244.765625,5000-7500
568,3597.0,3680.455078125,3592.771240234375,0-5000
569,3383.0,3345.26123046875,3481.4140625,0-5000
570,4668.0,4698.4326171875,5179.907958984375,0-5000
571,7530.0,7727.6923828125,7830.02099609375,7500-10000
572,13376.0,13305.9462890625,13362.0888671875,12500-15000
573,4174.0,3995.166748046875,3980.941162109375,0-5000
574,4668.0,4801.8759765625,5319.269287109375,0-5000
575,12898.0,12661.51953125,11959.4873046875,12500-15000
576,14714.0,14557.65625,15281.7080078125,12500-15000
577,10991.0,11618.095703125,11433.244140625,10000-12500
578,4030.0,4378.5810546875,4273.17236328125,0-5000
579,13029.0,13172.619140625,13026.6806640625,12500-15000
580,9794.0,9708.3134765625,9957.24755859375,7500-10000
581,14388.0,14208.28515625,14114.8369140625,12500-15000
582,7229.0,7015.544921875,7522.592529296875,5000-7500
583,9930.0,11071.41015625,10619.75,10000-12500
584,7229.0,7242.8642578125,7442.002197265625,5000-7500
585,6216.0,6062.44775390625,6005.0712890625,5000-7500
586,4282.0,5740.14208984375,6471.65869140625,5000-7500
587,5054.0,5420.880859375,4983.493896484375,5000-7500
588,10262.0,11832.123046875,10285.130859375,10000-12500
589,11410.0,10728.5400390625,11358.1513671875,10000-12500
590,14571.0,14701.625,15392.3759765625,12500-15000
591,4692.0,6014.31396484375,6477.3212890625,5000-7500
592,10919.0,10858.107421875,10924.82421875,10000-12500
593,10844.0,10529.4111328125,10792.4912109375,10000-12500
594,10844.0,10911.8310546875,10825.7822265625,10000-12500
595,6094.0,6197.8818359375,6296.19677734375,5000-7500
596,6741.0,6617.64697265625,6493.498046875,5000-7500
597,8372.0,7898.91357421875,7765.021728515625,7500-10000
598,14067.0,10992.201171875,10538.810546875,10000-12500
599,7480.0,7611.9404296875,7802.944091796875,7500-10000
600,6795.0,7215.61865234375,7524.30322265625,5000-7500
601,4409.0,4257.36181640625,4233.5419921875,0-5000
602,3597.0,3690.14501953125,3661.149169921875,0-5000
603,6961.0,6840.82470703125,6709.06298828125,5000-7500
604,12692.0,13258.81640625,13333.666015625,12500-15000
605,4030.0,4847.90234375,4853.415283203125,0-5000
606,15957.0,14991.220703125,14897.4775390625,12500-15000
607,11150.0,11212.205078125,11149.373046875,10000-12500
608,4409.0,4156.8232421875,4356.890625,0-5000
609,14781.0,14714.9599609375,15121.828125,12500-15000
610,5228.0,5180.50244140625,4733.27001953125,5000-7500
611,3597.0,3680.227783203125,3563.518310546875,0-5000
612,6795.0,7969.54736328125,7134.22412109375,7500-10000
613,3807.0,3789.18212890625,3754.037353515625,0-5000
614,14781.0,14518.7783203125,15049.3173828125,12500-15000
615,8372.0,8529.193359375,8400.638671875,7500-10000
616,5000.0,5233.54296875,5190.912353515625,5000-7500
617,8476.0,8747.16015625,8555.02734375,7500-10000
618,9345.0,8756.3388671875,8729.9677734375,7500-10000
619,15129.0,15135.3828125,14238.697265625,gte_15000
620,7268.0,7315.92724609375,7863.67724609375,5000-7500
621,3210.0,3279.922607421875,2822.6953125,0-5000
622,6442.0,6444.42724609375,6449.06591796875,5000-7500
623,3809.0,3711.562255859375,3790.87353515625,0-5000
624,9069.0,9062.1484375,8185.3466796875,7500-10000
625,3943.0,3882.437744140625,3805.84130859375,0-5000
626,12534.0,12702.6171875,12307.48876953125,12500-15000
627,13714.0,12444.859375,12832.11767578125,10000-12500
628,2227.0,2246.613037109375,2188.937744140625,0-5000
629,10844.0,10918.9375,10856.958984375,10000-12500
630,13941.0,14032.853515625,14439.2119140625,12500-15000
631,3419.0,3765.40087890625,3811.114013671875,0-5000
632,14151.0,13449.2802734375,13869.2314453125,12500-15000
633,9922.0,9337.666015625,9474.4150390625,7500-10000
634,10197.0,12402.828125,11947.64990234375,10000-12500
635,6961.0,6684.8642578125,6866.09130859375,5000-7500
636,13587.0,12928.197265625,12448.021484375,12500-15000
637,10262.0,10282.3955078125,9363.26904296875,10000-12500
638,15107.0,15334.1826171875,14629.61962890625,gte_15000
639,8452.0,9095.4189453125,8785.087890625,7500-10000
640,3100.0,3200.858642578125,3124.76220703125,0-5000
641,4823.0,4738.7822265625,5252.51611328125,0-5000
642,4483.0,4379.5029296875,4089.587646484375,0-5000
643,13243.0,12996.75390625,12626.46630859375,12500-15000
644,5684.0,5775.0927734375,5684.2509765625,5000-7500
645,10262.0,10214.248046875,9597.12109375,10000-12500
646,4823.0,4795.763671875,5450.833251953125,0-5000
647,15554.0,15592.1005859375,15470.5166015625,gte_15000
648,3943.0,3855.5390625,3909.4580078125,0-5000
649,3383.0,3143.1640625,3337.344970703125,0-5000
650,1965.0,1981.0296630859375,2018.098388671875,0-5000
651,6442.0,6545.61962890625,6427.947265625,5000-7500
652,12723.0,12367.615234375,12143.60302734375,10000-12500
653,8016.0,7943.00341796875,7572.856201171875,7500-10000
654,10199.0,11050.69921875,11598.91796875,10000-12500
655,7005.0,6879.3876953125,7009.39111328125,5000-7500
656,4409.0,4644.4619140625,4874.241943359375,0-5000
657,13377.0,13387.1455078125,13383.255859375,12500-15000
658,10262.0,10370.888671875,9602.24658203125,10000-12500
659,10844.0,10287.1904296875,9664.25537109375,10000-12500
660,14571.0,14634.818359375,15342.30322265625,12500-15000
661,15129.0,15908.0771484375,15901.318359375,gte_15000
662,15129.0,15229.8173828125,14243.51171875,gte_15000
663,10539.0,10507.66015625,10529.51171875,10000-12500
664,9140.0,8230.0126953125,8390.5234375,7500-10000
665,4409.0,4040.811767578125,4092.9541015625,0-5000
666,3419.0,3757.33837890625,3785.287841796875,0-5000
667,9646.0,9536.634765625,10067.2080078125,7500-10000
668,13584.0,13270.4736328125,13985.9853515625,12500-15000
669,11806.0,10418.037109375,10369.8369140625,10000-12500
670,12898.0,12486.818359375,11585.2900390625,10000-12500
671,6216.0,6282.80322265625,6237.908203125,5000-7500
672,12898.0,12920.1357421875,12308.32568359375,12500-15000
673,10262.0,10301.1396484375,9739.54296875,10000-12500
674,5678.0,5696.58056640625,5670.5712890625,5000-7500
675,14781.0,14810.8818359375,14960.1796875,12500-15000
676,10262.0,10426.91015625,9672.87548828125,10000-12500
677,4878.0,4823.70703125,5468.518310546875,0-5000
678,14714.0,14537.8828125,15579.48291015625,12500-15000
679,6093.0,5999.9921875,6129.10546875,5000-7500
680,3597.0,3618.57275390625,3623.64453125,0-5000
681,13727.0,13128.0869140625,13739.5693359375,12500-15000
682,10262.0,9625.5458984375,9779.09326171875,7500-10000
683,11789.0,10767.185546875,11635.8408203125,10000-12500
684,8586.0,8821.41796875,8665.3046875,7500-10000
685,9314.0,9192.3603515625,8129.13232421875,7500-10000
686,5678.0,5805.27490234375,5685.22216796875,5000-7500
687,11924.0,11436.375,11051.93359375,10000-12500
688,12692.0,12629.7451171875,12107.6435546875,12500-15000
689,6478.0,5950.83935546875,6527.37841796875,5000-7500
690,4226.0,4278.6171875,4224.8251953125,0-5000
691,10368.0,10372.36328125,9602.18994140625,10000-12500
692,13626.0,13780.73828125,13698.609375,12500-15000
693,9663.0,9567.70703125,9954.6376953125,7500-10000
694,10197.0,10315.0107421875,9642.58447265625,10000-12500
695,7594.0,7177.74169921875,7647.341552734375,5000-7500
696,10368.0,10259.4482421875,9745.0341796875,10000-12500
697,4282.0,3501.357666015625,3759.21142578125,0-5000
698,13292.0,13349.3369140625,13329.9560546875,12500-15000
699,13764.0,13321.505859375,12999.6845703125,12500-15000
700,5198.0,4982.99365234375,4923.491943359375,0-5000
701,5644.0,5196.61376953125,5121.5673828125,5000-7500
702,2227.0,2077.36279296875,2005.1492919921875,0-5000
703,8016.0,8000.564453125,8006.50927734375,7500-10000
704,4885.0,4209.58154296875,4700.56201171875,0-5000
705,5162.0,5882.1318359375,5925.8779296875,5000-7500
706,10262.0,10747.3154296875,10237.0986328125,10000-12500
707,4049.0,3959.996826171875,3953.238525390625,0-5000
708,8372.0,8574.015625,8436.8486328125,7500-10000
709,3419.0,3579.97705078125,3742.501708984375,0-5000
710,6069.0,6444.666015625,6335.03857421875,5000-7500
711,13014.0,13181.37890625,13019.1865234375,12500-15000
712,13029.0,13092.2744140625,13021.767578125,12500-15000
713,13937.0,10360.2138671875,9161.3818359375,10000-12500
714,15129.0,15160.630859375,14068.7412109375,gte_15000
715,3597.0,3603.977294921875,3606.595458984375,0-5000
716,14388.0,13876.28515625,14266.0478515625,12500-15000
717,9663.0,9414.3935546875,9503.1748046875,7500-10000
718,13014.0,13028.41796875,13014.5771484375,12500-15000
719,3943.0,3930.486572265625,3938.224609375,0-5000
720,10262.0,10380.033203125,9701.70654296875,10000-12500
721,13292.0,13212.9248046875,13292.2392578125,12500-15000
722,8040.0,7929.6279296875,6927.2099609375,7500-10000
723,3597.0,3639.883056640625,3600.229736328125,0-5000
724,3841.0,3857.2001953125,3779.029541015625,0-5000
725,10203.0,10685.7080078125,10660.8603515625,10000-12500
726,7173.0,5761.28271484375,5952.8046875,5000-7500
727,1965.0,1960.2947998046875,2063.474609375,0-5000
728,5054.0,5846.7939453125,6228.25244140625,5000-7500
729,7341.0,8961.8701171875,9327.0693359375,7500-10000
730,3919.0,3782.60693359375,3617.525146484375,0-5000
731,13067.0,13264.3427734375,13391.515625,12500-15000
732,18804.0,18769.640625,19079.5625,gte_15000
733,5645.0,4590.43603515625,5098.935302734375,0-5000
734,3597.0,3585.316650390625,3601.90185546875,0-5000
735,13587.0,12508.9912109375,12336.0546875,12500-15000
736,3597.0,3632.05419921875,3619.142822265625,0-5000
737,8879.0,10060.9794921875,9914.93115234375,10000-12500
738,4319.0,4334.83203125,4351.974609375,0-5000
739,8040.0,7930.88818359375,6910.414306640625,7500-10000
740,13584.0,13619.8544921875,14137.25,12500-15000
741,13014.0,13284.9189453125,13017.1689453125,12500-15000
742,9345.0,8792.3642578125,8778.998046875,7500-10000
743,11507.0,10954.9580078125,10957.48828125,10000-12500
744,8266.0,8903.9990234375,8649.90625,7500-10000
745,13377.0,11918.9287109375,11377.927734375,10000-12500
746,9345.0,9144.0439453125,9208.88671875,7500-10000
747,7191.0,7403.10986328125,7584.692626953125,5000-7500
748,7229.0,7266.9521484375,7610.073974609375,5000-7500
749,14178.0,13828.4150390625,13671.3134765625,12500-15000
750,13941.0,13937.912109375,13994.0166015625,12500-15000
751,13067.0,13454.388671875,13571.40234375,12500-15000
752,4995.0,5057.9130859375,5376.127685546875,5000-7500
753,12488.0,12571.9755859375,12718.037109375,12500-15000
754,7870.0,7285.25390625,7066.0205078125,5000-7500
755,6094.0,6041.3369140625,5833.4931640625,5000-7500
756,5608.0,6810.79150390625,5698.7265625,5000-7500
757,8452.0,8502.486328125,8414.6142578125,7500-10000
758,9314.0,8529.54296875,9127.4267578125,7500-10000
759,3850.0,3823.802490234375,3839.904052734375,0-5000
760,9968.0,9731.775390625,9956.73046875,7500-10000
761,9564.0,9479.013671875,9296.3291015625,7500-10000
762,13376.0,13422.662109375,13399.5009765625,12500-15000
763,6674.0,7179.2490234375,7014.420654296875,5000-7500
764,7408.0,13265.5390625,13586.046875,12500-15000
765,15170.0,14695.037109375,14941.55615234375,12500-15000
766,3597.0,3559.3154296875,3567.877685546875,0-5000
767,7229.0,7296.86474609375,7369.53857421875,5000-7500
768,8016.0,8041.73583984375,8023.130859375,7500-10000
769,4804.0,4771.67822265625,5040.33740234375,0-5000
770,8016.0,8037.34375,8123.65625,7500-10000
771,5645.0,4828.83251953125,4947.628173828125,0-5000
772,14151.0,13510.529296875,13601.03125,12500-15000
773,4423.0,3747.771484375,3659.740966796875,0-5000
774,6795.0,7108.40283203125,7305.982666015625,5000-7500
775,3625.0,3945.4267578125,3764.3505859375,0-5000
776,12373.0,12384.8896484375,12904.36767578125,10000-12500
777,4963.0,4644.08251953125,5155.6787109375,0-5000
778,2227.0,2281.890625,2255.502685546875,0-5000
779,11200.0,10748.681640625,11493.0947265625,10000-12500
780,7174.0,7234.2685546875,7552.56884765625,5000-7500
781,9856.0,9922.94140625,9764.658203125,7500-10000
782,15170.0,14658.431640625,15120.984375,12500-15000
783,6442.0,6619.98681640625,6520.01708984375,5000-7500
784,12898.0,12739.9208984375,11864.41943359375,12500-15000
785,7229.0,7181.06005859375,7504.822509765625,5000-7500
786,13033.0,13083.2177734375,13027.8173828125,12500-15000
787,10703.0,10076.9482421875,9816.8740234375,10000-12500
788,9314.0,8739.7548828125,9197.521484375,7500-10000
789,6838.0,6772.30419921875,6560.7412109375,5000-7500
790,13377.0,11884.46484375,11264.0703125,10000-12500
791,10975.0,11647.8427734375,11053.4072265625,10000-12500
792,10197.0,10337.88671875,9676.0361328125,10000-12500
793,9663.0,9198.966796875,8724.0078125,7500-10000
794,13727.0,8408.04296875,8073.49853515625,7500-10000
795,8330.0,8010.77783203125,8371.880859375,7500-10000
796,4823.0,4684.95751953125,5277.527099609375,0-5000
797,6206.0,6139.6875,6373.42333984375,5000-7500
798,10877.0,10397.0341796875,9890.541015625,10000-12500
799,6478.0,6274.49560546875,6338.501953125,5000-7500
800,16079.0,16058.5576171875,16068.2880859375,gte_15000
801,11150.0,11145.3046875,11149.9169921875,10000-12500
802,9663.0,9307.11328125,8996.2265625,7500-10000
803,10262.0,10303.6318359375,9567.44580078125,10000-12500
804,13376.0,13421.40234375,13373.4013671875,12500-15000
805,8610.0,8418.43359375,8534.88671875,7500-10000
806,12373.0,12303.6298828125,12835.2744140625,10000-12500
807,5673.0,5222.74658203125,5380.49365234375,5000-7500
808,10262.0,10331.685546875,9707.0029296875,10000-12500
809,12373.0,12127.8837890625,12790.3486328125,10000-12500
810,6612.0,7234.080078125,7096.263427734375,5000-7500
811,4823.0,4995.0732421875,5446.49755859375,0-5000
812,10262.0,10397.318359375,10123.91162109375,10000-12500
813,3898.0,3894.78662109375,3888.436279296875,0-5000
814,10844.0,10930.72265625,10853.7275390625,10000-12500
815,4077.0,4048.98583984375,4020.205322265625,0-5000
816,12819.0,13522.4482421875,12822.5244140625,12500-15000
817,3841.0,3813.460693359375,3847.975341796875,0-5000
818,3597.0,3865.1494140625,3555.8427734375,0-5000
819,6216.0,6596.6669921875,6432.39453125,5000-7500
820,10624.0,12221.001953125,12243.68701171875,10000-12500
821,6152.0,6083.291015625,6094.52783203125,5000-7500
822,8792.0,9024.8662109375,8657.3359375,7500-10000
823,7005.0,7706.35693359375,7561.677978515625,7500-10000
824,5678.0,5678.3251953125,5686.46484375,5000-7500
825,16079.0,16118.205078125,16042.8310546875,gte_15000
826,10539.0,12754.7861328125,11909.60498046875,12500-15000
827,11841.0,10340.2431640625,10086.5107421875,10000-12500
828,3597.0,3561.90771484375,3597.350830078125,0-5000
829,15532.0,16120.6416015625,16367.00390625,gte_15000
830,7618.0,8017.47802734375,8289.20703125,7500-10000
831,9314.0,8959.423828125,9360.0693359375,7500-10000
832,13994.0,14029.0205078125,13944.3818359375,12500-15000
833,5073.0,5498.03076171875,5138.36083984375,5000-7500
834,16108.0,15505.171875,16106.3076171875,gte_15000
835,6795.0,7736.4677734375,7834.389892578125,7500-10000
836,10262.0,10313.88671875,9572.34716796875,10000-12500
837,8820.0,8997.908203125,8813.455078125,7500-10000
838,11789.0,11567.4736328125,11381.6552734375,10000-12500
839,7378.0,6259.99169921875,6517.38134765625,5000-7500
840,4823.0,4896.50341796875,5292.13330078125,0-5000
841,6478.0,6234.39501953125,6507.50830078125,5000-7500
842,13014.0,13024.96875,13012.107421875,12500-15000
843,10844.0,10830.92578125,10832.19140625,10000-12500
844,7408.0,13238.896484375,13592.177734375,12500-15000
845,9646.0,9638.7451171875,10346.4033203125,7500-10000
846,3597.0,3760.0146484375,3614.069091796875,0-5000
847,3873.0,3894.421630859375,3836.638671875,0-5000
848,7870.0,7801.13671875,6723.721435546875,7500-10000
849,13344.0,13489.2578125,13455.0830078125,12500-15000
850,3100.0,3025.169921875,3114.032470703125,0-5000
851,10953.0,12017.232421875,12164.94970703125,10000-12500
852,14214.0,14617.2822265625,14379.81103515625,12500-15000
853,6093.0,5952.5517578125,6005.9267578125,5000-7500
854,12436.0,12324.857421875,12591.7705078125,10000-12500
855,15129.0,16663.232421875,16756.154296875,gte_15000
856,13259.0,12320.1552734375,12494.07177734375,10000-12500
857,15170.0,14809.888671875,14820.6884765625,12500-15000
858,14781.0,14842.505859375,15262.87548828125,12500-15000
859,6206.0,6455.26220703125,6248.6201171875,5000-7500
860,3841.0,3883.982421875,3929.74658203125,0-5000
861,14714.0,14734.07421875,15652.25,12500-15000
862,6093.0,6320.10205078125,6142.25537109375,5000-7500
863,8016.0,8028.24267578125,8017.1484375,7500-10000
864,8586.0,8653.375,8773.845703125,7500-10000
865,6704.0,6990.1201171875,6737.65234375,5000-7500
866,4226.0,4193.13427734375,4224.00390625,0-5000
867,3873.0,3875.340576171875,3791.6279296875,0-5000
868,13727.0,13352.7470703125,13631.947265625,12500-15000
869,3625.0,4056.7587890625,3796.83984375,0-5000
870,7229.0,7143.51708984375,7602.376708984375,5000-7500
871,6752.0,6985.61767578125,6356.71044921875,5000-7500
872,13381.0,13553.0771484375,13505.099609375,12500-15000
873,6218.0,6190.9287109375,6243.4560546875,5000-7500
874,4174.0,4152.98388671875,4091.560302734375,0-5000
875,6117.0,6190.94775390625,6265.49169921875,5000-7500
876,10703.0,11313.236328125,11646.8525390625,10000-12500
877,12692.0,12353.3779296875,11898.3955078125,10000-12500
878,10539.0,10379.458984375,9326.69287109375,10000-12500
879,12373.0,12328.173828125,12854.4091796875,10000-12500
880,5277.0,5306.15380859375,4435.3909912109375,5000-7500
881,14714.0,14640.451171875,15482.197265625,12500-15000
882,7618.0,12802.369140625,11942.39501953125,12500-15000
883,3383.0,3495.37841796875,3281.814697265625,0-5000
884,7670.0,6700.46240234375,7227.94287109375,5000-7500
885,4804.0,4713.2607421875,5109.9873046875,0-5000
886,7229.0,7368.56689453125,7592.64990234375,5000-7500
887,3543.0,3547.19140625,3500.361328125,0-5000
888,14151.0,13557.5458984375,13894.0419921875,12500-15000
889,9663.0,10365.716796875,10276.140625,10000-12500
890,12898.0,12812.0732421875,11848.6298828125,12500-15000
891,8603.0,9253.015625,9096.09375,7500-10000
892,13044.0,13169.4658203125,13249.8466796875,12500-15000
893,11622.0,11543.0009765625,11757.263671875,10000-12500
894,11789.0,10909.623046875,11572.923828125,10000-12500
895,9663.0,9463.63671875,9277.2998046875,7500-10000
896,5797.0,5367.4638671875,5084.7392578125,5000-7500
897,9526.0,9560.0263671875,10007.44970703125,7500-10000
898,3383.0,3752.293701171875,4007.905517578125,0-5000
899,10262.0,10191.236328125,9405.43212890625,10000-12500
900,11201.0,12204.6435546875,12403.27685546875,10000-12500
901,10262.0,10315.9072265625,9575.21044921875,10000-12500
902,10231.0,10456.986328125,10340.0439453125,10000-12500
903,5645.0,4754.37646484375,4986.14013671875,0-5000
904,14714.0,14633.283203125,15306.14111328125,12500-15000
905,12173.0,12163.5693359375,12434.45654296875,10000-12500
906,2227.0,2224.909912109375,2215.718017578125,0-5000
907,10529.0,10479.51953125,10176.591796875,10000-12500
908,7202.0,6997.2294921875,6644.0,5000-7500
909,7886.0,10279.0439453125,9710.935546875,10000-12500
910,2017.0,2014.5858154296875,2014.8251953125,0-5000
911,6171.0,6456.3896484375,6446.7978515625,5000-7500
912,4050.0,4121.7861328125,3815.221923828125,0-5000
913,8479.0,8391.12890625,8373.3564453125,7500-10000
914,4282.0,4525.0029296875,5325.79248046875,0-5000
915,9345.0,9333.1943359375,9249.611328125,7500-10000
916,6587.0,7087.51708984375,7710.23779296875,5000-7500
917,2754.0,2683.787353515625,2479.04541015625,0-5000
918,3919.0,3979.514892578125,4064.856201171875,0-5000
919,10368.0,10403.8681640625,9693.94677734375,10000-12500
920,6674.0,6969.02490234375,6483.64599609375,5000-7500
921,7198.0,13273.24609375,13374.72265625,12500-15000
922,5930.0,6785.0126953125,6927.16845703125,5000-7500
923,7229.0,7196.05419921875,7673.6689453125,5000-7500
924,12488.0,12698.6123046875,12766.30810546875,12500-15000
925,3540.0,3613.195068359375,3476.34130859375,0-5000
926,8529.0,8921.375,8800.228515625,7500-10000
927,13376.0,13305.9462890625,13362.0888671875,12500-15000
928,8855.0,8935.6806640625,8819.287109375,7500-10000
929,14781.0,14694.8388671875,15128.64111328125,12500-15000
930,5684.0,5847.18212890625,5927.16357421875,5000-7500
931,13029.0,13051.1806640625,13051.517578125,12500-15000
932,15129.0,15314.0703125,14214.86572265625,gte_15000
933,8576.0,8672.849609375,8572.8681640625,7500-10000
934,5678.0,5879.607421875,5752.103515625,5000-7500
935,12373.0,12306.6162109375,12884.24365234375,10000-12500
936,5510.0,5420.85302734375,4979.5869140625,5000-7500
937,6216.0,6256.322265625,6304.44287109375,5000-7500
938,3850.0,3802.3095703125,3828.355712890625,0-5000
939,3540.0,3658.885009765625,3644.855224609375,0-5000
940,9663.0,8698.9130859375,8710.8017578125,7500-10000
941,12898.0,12813.74609375,11826.65234375,12500-15000
942,12723.0,12105.681640625,11945.9248046875,10000-12500
943,4804.0,4914.9189453125,4999.346435546875,0-5000
944,4823.0,5231.869140625,5451.716552734375,5000-7500
945,6152.0,6294.39111328125,6257.01953125,5000-7500
946,6216.0,6096.03369140625,6139.62060546875,5000-7500
947,6016.0,5820.9345703125,5918.513671875,5000-7500
948,11622.0,10957.0234375,11832.66796875,10000-12500
949,10151.0,10419.1953125,10026.5283203125,10000-12500
950,12410.0,14525.373046875,14350.490234375,12500-15000
951,10262.0,10195.658203125,9717.03125,10000-12500
952,14323.0,14201.6826171875,14362.3779296875,12500-15000
953,3210.0,3653.47119140625,3467.067626953125,0-5000
954,8937.0,9344.1533203125,8988.5068359375,7500-10000
955,6104.0,5642.9453125,5972.7158203125,5000-7500
956,11543.0,11437.419921875,11697.1650390625,10000-12500
957,13067.0,13904.3125,14040.60546875,12500-15000
958,10262.0,10350.6318359375,9611.60888671875,10000-12500
959,13591.0,13583.3505859375,13539.6630859375,12500-15000
960,7229.0,7198.1162109375,7653.056396484375,5000-7500
961,6451.0,6523.810546875,6510.49755859375,5000-7500
962,3943.0,3942.419189453125,4176.97705078125,0-5000
963,3573.0,4003.06494140625,4029.689453125,0-5000
964,9181.0,9374.197265625,9180.4970703125,7500-10000
965,6314.0,6511.255859375,6379.1962890625,5000-7500
966,13376.0,13354.6005859375,13379.3857421875,12500-15000
967,7229.0,7166.12451171875,7627.738037109375,5000-7500
968,9627.0,10058.982421875,10143.25634765625,10000-12500
969,3873.0,3935.801025390625,3863.25,0-5000
970,3841.0,3818.77978515625,3827.4345703125,0-5000
971,10486.0,9599.0771484375,9899.09130859375,7500-10000
972,6496.0,6501.84130859375,6467.5595703125,5000-7500
973,9627.0,10294.4072265625,10080.92822265625,10000-12500
974,8366.0,8701.4287109375,8359.79296875,7500-10000
975,15318.0,14394.19140625,13391.8603515625,12500-15000
976,4667.0,4739.3408203125,5438.47998046875,0-5000
977,8099.0,7707.87548828125,7711.398193359375,7500-10000
978,2385.0,2180.4580078125,2373.326416015625,0-5000
979,15965.0,16028.662109375,16019.1533203125,gte_15000
980,10844.0,10719.5634765625,10739.1572265625,10000-12500
981,6121.0,5872.26416015625,5841.1171875,5000-7500
982,3625.0,3829.371337890625,3691.80615234375,0-5000
983,8475.0,7941.4638671875,7492.0595703125,7500-10000
984,12898.0,11258.5537109375,10906.521484375,10000-12500
985,9149.0,9116.330078125,8483.3662109375,7500-10000
986,4145.0,4282.1328125,4454.60302734375,0-5000
987,6195.0,6078.99462890625,6718.24072265625,5000-7500
988,6979.0,7457.83349609375,7440.201904296875,5000-7500
989,4760.0,5268.36181640625,4908.7626953125,5000-7500
990,11982.0,11859.1005859375,12022.5888671875,10000-12500
991,8372.0,8491.7587890625,8388.1494140625,7500-10000
992,3597.0,3588.427490234375,3594.437744140625,0-5000
993,7005.0,7858.4677734375,7397.72265625,7500-10000
994,8018.0,9044.59375,9426.37109375,7500-10000
995,10577.0,10386.30078125,9819.9755859375,10000-12500
996,11507.0,11280.2705078125,11445.3203125,10000-12500
997,9653.0,10325.12109375,10055.51220703125,10000-12500
998,14714.0,14704.0556640625,15394.79296875,12500-15000
999,5678.0,5491.97607421875,4443.8702392578125,5000-7500
1000,13873.0,13256.921875,13242.0322265625,12500-15000
1001,11264.0,10198.62109375,10399.6904296875,10000-12500
1002,10844.0,10769.439453125,10895.423828125,10000-12500
1003,13014.0,13172.6142578125,13043.9609375,12500-15000
1004,4995.0,5027.16357421875,5349.616943359375,5000-7500
1005,4174.0,4735.37255859375,4800.674560546875,0-5000
1006,13067.0,12177.3759765625,12468.0654296875,10000-12500
1007,10262.0,10257.3583984375,9634.44482421875,10000-12500
1008,8586.0,8870.0791015625,8728.9130859375,7500-10000
1009,9663.0,10426.162109375,10311.69775390625,10000-12500
1010,6069.0,5945.97607421875,6083.017578125,5000-7500
1011,4667.0,4660.50048828125,5138.182861328125,0-5000
1012,12373.0,12243.62890625,12878.50537109375,10000-12500
1013,13941.0,14026.9091796875,14166.8154296875,12500-15000
1014,8372.0,8570.71484375,8449.501953125,7500-10000
1015,7144.0,7140.255859375,7297.489013671875,5000-7500
1016,14571.0,14527.982421875,15350.55859375,12500-15000
1017,5192.0,5215.28466796875,5102.73095703125,5000-7500
1018,14714.0,15711.6025390625,16646.544921875,gte_15000
1019,10336.0,9738.2294921875,9976.26025390625,7500-10000
1020,14441.0,14721.4990234375,15507.53271484375,12500-15000
1021,10844.0,10801.6484375,10855.6982421875,10000-12500
1022,2753.0,2485.1630859375,2684.30224609375,0-5000
1023,12898.0,12824.041015625,12289.912109375,12500-15000
1024,8603.0,9461.953125,9175.40625,7500-10000
1025,15129.0,15119.5029296875,14129.2392578125,gte_15000
1026,18804.0,18894.953125,18765.333984375,gte_15000
1027,7452.0,7384.8310546875,7698.4970703125,5000-7500
1028,3971.0,4330.47900390625,4132.78271484375,0-5000
1029,3943.0,3955.446533203125,3937.303955078125,0-5000
1030,13014.0,13094.2783203125,13018.783203125,12500-15000
1031,3625.0,4127.3974609375,3920.359619140625,0-5000
1032,10262.0,10227.6435546875,9530.49853515625,10000-12500
1033,14388.0,14117.798828125,14285.3212890625,12500-15000
1034,15058.0,14364.5634765625,14796.1630859375,12500-15000
1035,4591.0,4584.8798828125,5113.5966796875,0-5000
1036,3841.0,3809.754638671875,3860.316650390625,0-5000
1037,14781.0,14571.16796875,15148.57763671875,12500-15000
1038,13377.0,12203.1904296875,12425.353515625,10000-12500
1039,13014.0,13070.6201171875,12998.2578125,12500-15000
1040,14848.0,14227.5107421875,14553.6171875,12500-15000
1041,4145.0,4086.907958984375,4156.83740234375,0-5000
1042,3850.0,3867.695556640625,3837.648681640625,0-5000
1043,10413.0,10853.5703125,10536.8056640625,10000-12500
1044,6104.0,6041.88916015625,6113.8876953125,5000-7500
1045,3943.0,4249.9501953125,4074.953125,0-5000
1046,8529.0,8746.3447265625,8774.5625,7500-10000
1047,10262.0,10210.923828125,9453.76025390625,10000-12500
1048,14151.0,13923.5302734375,13887.99609375,12500-15000
1049,5192.0,5988.27783203125,5721.14404296875,5000-7500
1050,9663.0,9444.591796875,8838.7978515625,7500-10000
1051,4632.0,4051.56396484375,3894.015869140625,0-5000
1052,9526.0,8780.2060546875,9023.4306640625,7500-10000
1053,2227.0,2231.817138671875,2251.480224609375,0-5000
1054,9663.0,9897.0166015625,10197.67333984375,7500-10000
1055,12819.0,13308.9208984375,12822.77734375,12500-15000
1056,7198.0,7155.0830078125,7797.529296875,5000-7500
1057,4823.0,5030.31787109375,5338.2783203125,5000-7500
1058,9663.0,9872.9189453125,10218.53076171875,7500-10000
1059,12121.0,12755.4130859375,12688.42822265625,12500-15000
1060,8085.0,7911.18896484375,7574.956787109375,7500-10000
1061,3859.0,3590.85888671875,3572.483154296875,0-5000
1062,7564.0,7452.85595703125,7524.05419921875,5000-7500
1063,3919.0,3726.22216796875,3756.98388671875,0-5000
1064,15129.0,15119.5029296875,14129.2392578125,gte_15000
1065,12239.0,11826.9814453125,10626.3896484375,10000-12500
1066,12373.0,12210.0283203125,12753.7978515625,10000-12500
1067,7952.0,7673.01513671875,7782.32421875,7500-10000
1068,10197.0,10752.7958984375,10411.376953125,10000-12500
1069,5883.0,5968.77294921875,6052.3388671875,5000-7500
1070,4667.0,4790.0224609375,5316.0908203125,0-5000
1071,7757.0,9637.1669921875,10062.697265625,7500-10000
1072,10844.0,10656.4208984375,11010.7666015625,10000-12500
1073,7189.0,6308.64990234375,6427.0673828125,5000-7500
1074,10262.0,10414.0576171875,9566.357421875,10000-12500
1075,5989.0,4392.8759765625,4546.22119140625,0-5000
1076,2227.0,2246.91552734375,2204.26611328125,0-5000
1077,4995.0,5053.46484375,5399.67041015625,5000-7500
1078,10844.0,10827.8369140625,10844.640625,10000-12500
1079,10844.0,11191.265625,10853.2705078125,10000-12500
1080,8937.0,8404.28515625,8627.1416015625,7500-10000
1081,3898.0,3913.302734375,4074.95849609375,0-5000
1082,10844.0,10949.5703125,10852.26953125,10000-12500
1083,13381.0,13478.376953125,13418.4521484375,12500-15000
1084,11972.0,12167.80859375,12505.90478515625,10000-12500
1085,13731.0,14150.9755859375,14237.9599609375,12500-15000
1086,4804.0,4672.2529296875,5033.349365234375,0-5000
1087,16289.0,16470.283203125,16114.3447265625,gte_15000
1088,7520.0,7029.60498046875,7537.786865234375,5000-7500
1089,7503.0,7268.0625,7354.650146484375,5000-7500
1090,5192.0,5749.45703125,5590.671875,5000-7500
1091,9158.0,8715.1357421875,8752.0888671875,7500-10000
1092,7038.0,6886.21484375,6878.72900390625,5000-7500
1093,14323.0,14464.4501953125,14488.4619140625,12500-15000
1094,10203.0,10116.419921875,9445.15771484375,10000-12500
1095,7408.0,6872.20947265625,6799.93603515625,5000-7500
1096,16108.0,14997.572265625,15290.72265625,12500-15000
1097,10262.0,10225.28125,9727.75390625,10000-12500
1098,14714.0,14928.4248046875,15673.30224609375,12500-15000
1099,10262.0,10321.6923828125,9571.67431640625,10000-12500
1100,7640.0,7582.23388671875,7254.154052734375,7500-10000
1101,8610.0,8669.921875,8623.15234375,7500-10000
1102,6093.0,6373.55810546875,6118.26708984375,5000-7500
1103,6442.0,6618.50439453125,6480.7587890625,5000-7500
1104,4030.0,4483.95263671875,4028.376708984375,0-5000
1105,7408.0,12999.51953125,12656.29296875,12500-15000
1106,10696.0,10341.9951171875,10372.37890625,10000-12500
1107,2754.0,2993.76953125,3136.581787109375,0-5000
1108,13227.0,13342.6328125,13234.7265625,12500-15000
1109,6758.0,7219.42529296875,7557.709228515625,5000-7500
1110,6934.0,6656.5068359375,6801.97119140625,5000-7500
1111,5678.0,5508.736328125,5663.2470703125,5000-7500
1112,7757.0,9722.0517578125,9771.9921875,7500-10000
1113,6373.0,6013.9453125,6005.82177734375,5000-7500
1114,13376.0,13422.662109375,13399.5009765625,12500-15000
1115,5644.0,5123.78173828125,5054.765869140625,5000-7500
1116,13067.0,12186.8486328125,12271.35791015625,10000-12500
1117,6513.0,6837.33544921875,6461.34375,5000-7500
1118,4392.0,3243.631591796875,3324.654052734375,0-5000
1119,10844.0,10990.466796875,10844.7080078125,10000-12500
1120,12723.0,12622.935546875,12118.7548828125,12500-15000
1121,7229.0,6973.02685546875,7144.09228515625,5000-7500
1122,10262.0,10594.1806640625,10574.80859375,10000-12500
1123,8425.0,7522.2373046875,7842.095458984375,7500-10000
1124,10919.0,10943.1533203125,10921.8583984375,10000-12500
1125,10975.0,10198.9755859375,10094.87646484375,10000-12500
1126,8355.0,8754.361328125,8650.5185546875,7500-10000
1127,3543.0,3455.463134765625,3549.9482421875,0-5000
1128,9314.0,8805.4091796875,8806.7138671875,7500-10000
1129,7503.0,7407.1865234375,7461.438232421875,5000-7500
1130,4804.0,4699.95458984375,5002.83056640625,0-5000
1131,8586.0,10782.2333984375,10865.9814453125,10000-12500
1132,13882.0,13570.396484375,13687.486328125,12500-15000
1133,7229.0,6708.22265625,7189.55322265625,5000-7500
1134,3943.0,3893.728759765625,3917.380126953125,0-5000
1135,4760.0,4919.2080078125,4926.452392578125,0-5000
1136,12324.0,12220.1826171875,13050.6318359375,10000-12500
1137,14151.0,12016.3515625,12680.6904296875,10000-12500
1138,11467.0,12239.080078125,12429.91455078125,10000-12500
1139,3873.0,3941.326904296875,3881.1337890625,0-5000
1140,10844.0,9644.18359375,9789.5234375,7500-10000
1141,10262.0,10650.9892578125,10237.2998046875,10000-12500
1142,10413.0,10118.8916015625,9293.72119140625,10000-12500
1143,13994.0,13734.806640625,13935.01171875,12500-15000
1144,13143.0,12371.3818359375,12478.39794921875,10000-12500
1145,15129.0,15248.765625,14103.435546875,gte_15000
1146,3898.0,3879.58544921875,3914.7490234375,0-5000
1147,13941.0,14584.8212890625,15155.6611328125,12500-15000
1148,10406.0,11225.544921875,10672.822265625,10000-12500
1149,5883.0,6207.275390625,6136.455078125,5000-7500
1150,14781.0,14687.7919921875,15175.55810546875,12500-15000
1151,10577.0,10430.5185546875,9726.4482421875,10000-12500
1152,9646.0,10216.6767578125,10206.71044921875,10000-12500
1153,6216.0,6455.53759765625,6470.525390625,5000-7500
1154,9564.0,9448.5615234375,9450.765625,7500-10000
1155,14781.0,14480.078125,14195.83203125,12500-15000
1156,7229.0,7315.75,7608.306396484375,5000-7500
1157,7268.0,7416.2998046875,7798.031982421875,5000-7500
1158,6245.0,6180.58984375,6096.5078125,5000-7500
1159,13376.0,13389.482421875,13374.4091796875,12500-15000
1160,4483.0,4207.0205078125,3970.840576171875,0-5000
1161,11627.0,10292.970703125,9621.70361328125,10000-12500
1162,7754.0,7461.23388671875,7514.633544921875,5000-7500
1163,10231.0,10259.72265625,9686.275390625,10000-12500
1164,10368.0,10506.373046875,10374.673828125,10000-12500
1165,11447.0,10876.30078125,11173.166015625,10000-12500
1166,13067.0,13417.390625,13748.107421875,12500-15000
1167,3687.0,3753.828369140625,3690.6767578125,0-5000
1168,10676.0,10469.330078125,10014.60205078125,10000-12500
1169,14714.0,15171.1513671875,15372.5537109375,gte_15000
1170,10262.0,10294.06640625,9597.18701171875,10000-12500
1171,2754.0,2969.99169921875,3092.26416015625,0-5000
1172,14067.0,13569.765625,14054.1796875,12500-15000
1173,15318.0,14692.748046875,14442.21142578125,12500-15000
1174,8040.0,7925.64990234375,6849.93408203125,7500-10000
1175,12723.0,11868.41796875,10866.9912109375,10000-12500
1176,10262.0,10275.7626953125,9544.99951171875,10000-12500
1177,5409.0,5790.0634765625,5820.14404296875,5000-7500
1178,9345.0,8906.8388671875,9030.146484375,7500-10000
1179,12646.0,12938.001953125,12713.43359375,12500-15000
1180,11150.0,11206.4375,11150.1259765625,10000-12500
1181,11323.0,7222.8388671875,7393.3505859375,5000-7500
1182,4409.0,4374.98583984375,4137.578125,0-5000
1183,3100.0,3286.125,3331.515380859375,0-5000
1184,13029.0,13059.439453125,13028.41015625,12500-15000
1185,4804.0,4968.7578125,5074.830810546875,0-5000
1186,9555.0,9550.2685546875,10364.80126953125,7500-10000
1187,10262.0,10279.0966796875,9550.81396484375,10000-12500
1188,6386.0,6097.60009765625,6066.7802734375,5000-7500
1189,13377.0,12702.40234375,12456.490234375,12500-15000
1190,6528.0,6674.7060546875,6687.06982421875,5000-7500
1191,3100.0,3305.45947265625,3132.873779296875,0-5000
1192,3687.0,6500.763671875,5546.31787109375,5000-7500
1193,3943.0,3872.381591796875,3932.98046875,0-5000
1194,14714.0,14644.400390625,15230.98046875,12500-15000
1195,4859.0,4543.87841796875,5073.41015625,0-5000
1196,10844.0,10843.7412109375,10802.3564453125,10000-12500
1197,2754.0,2898.15869140625,2950.80419921875,0-5000
1198,9424.0,9936.623046875,10101.17822265625,7500-10000
1199,10262.0,10222.302734375,9712.6552734375,10000-12500
1200,12199.0,12923.4443359375,12864.18310546875,12500-15000
1201,4668.0,4662.7763671875,5027.5087890625,0-5000
1202,13014.0,13168.44921875,13109.18359375,12500-15000
1203,11789.0,10939.361328125,11682.6064453125,10000-12500
1204,13616.0,13013.0537109375,13853.9375,12500-15000
1205,7229.0,7476.849609375,7831.7353515625,5000-7500
1206,5752.0,6913.779296875,6240.5322265625,5000-7500
1207,18191.0,16822.029296875,15886.013671875,gte_15000
1208,10539.0,10339.1181640625,9643.97998046875,10000-12500
1209,10844.0,10815.400390625,10817.8603515625,10000-12500
1210,3873.0,3908.357421875,3898.167724609375,0-5000
1211,10844.0,10403.1376953125,9607.84912109375,10000-12500
1212,4145.0,4258.39892578125,4143.251953125,0-5000
1213,10577.0,10448.369140625,9845.4619140625,10000-12500
1214,9925.0,10322.0224609375,10128.85107421875,10000-12500
1215,2754.0,2841.284912109375,2794.718994140625,0-5000
1216,7662.0,7321.8876953125,7562.78955078125,5000-7500
1217,2753.0,2478.82373046875,2670.6875,0-5000
1218,14151.0,13458.1611328125,13579.9384765625,12500-15000
1219,11982.0,11801.50390625,12001.82421875,10000-12500
1220,13022.0,12946.3583984375,12610.66552734375,12500-15000
1221,3673.0,5903.28515625,5881.6103515625,5000-7500
1222,12609.0,13144.3056640625,13099.4501953125,12500-15000
1223,5678.0,5809.75,5625.67138671875,5000-7500
1224,7480.0,7751.3515625,7814.27197265625,7500-10000
1225,4804.0,4899.30615234375,5047.186767578125,0-5000
1226,4050.0,3715.797119140625,4011.22265625,0-5000
1227,6961.0,7086.921875,7656.199951171875,5000-7500
1228,10262.0,10304.876953125,9687.1591796875,10000-12500
1229,3383.0,3990.260009765625,3457.61962890625,0-5000
1230,14714.0,14677.998046875,15622.3701171875,12500-15000
1231,13259.0,12915.203125,12755.0810546875,12500-15000
1232,7353.0,7320.85546875,7604.7822265625,5000-7500
1233,14178.0,14374.828125,14365.25,12500-15000
1234,3625.0,3143.169189453125,3112.226806640625,0-5000
1235,9001.0,8953.255859375,8716.93359375,7500-10000
1236,4145.0,4290.79248046875,4123.1064453125,0-5000
1237,15544.0,15078.0087890625,14498.1318359375,gte_15000
1238,2017.0,2066.545166015625,2102.2900390625,0-5000
1239,14424.0,14670.91015625,15086.345703125,12500-15000
1240,3514.0,4134.1064453125,3827.320068359375,0-5000
1241,6628.0,6504.29345703125,6308.67236328125,5000-7500
1242,15339.0,13533.7373046875,12994.2431640625,12500-15000
1243,10262.0,10467.5029296875,9680.81005859375,10000-12500
1244,10844.0,10850.6494140625,10831.109375,10000-12500
1245,13014.0,13108.6982421875,13026.8623046875,12500-15000
1246,7872.0,7797.0283203125,7612.01025390625,7500-10000
1247,6541.0,5718.271484375,5902.1171875,5000-7500
1248,4823.0,5006.9619140625,5492.377197265625,5000-7500
1249,6961.0,6422.94091796875,6638.41162109375,5000-7500
1250,9899.0,9999.1552734375,10193.89892578125,7500-10000
1251,6117.0,6798.84228515625,6144.5908203125,5000-7500
1252,3543.0,3600.729248046875,3534.789306640625,0-5000
1253,3919.0,4099.73193359375,4156.25048828125,0-5000
1254,16079.0,15768.2978515625,16255.890625,gte_15000
1255,6121.0,6004.85302734375,6192.04443359375,5000-7500
1256,4823.0,4765.3046875,5363.77783203125,0-5000
1257,13941.0,13852.1025390625,13824.8681640625,12500-15000
1258,11982.0,12041.943359375,12784.10009765625,10000-12500
1259,5636.0,5935.73388671875,5972.990234375,5000-7500
1260,10844.0,10726.60546875,10822.58203125,10000-12500
1261,9856.0,9880.158203125,10321.21142578125,7500-10000
1262,6934.0,6317.796875,6702.01953125,5000-7500
1263,12121.0,12114.1943359375,12057.98828125,10000-12500
1264,4804.0,4700.8486328125,4980.602294921875,0-5000
1265,5769.0,6116.21826171875,5806.9638671875,5000-7500
1266,4174.0,4049.41552734375,4068.215087890625,0-5000
1267,1965.0,2036.9595947265625,1994.188232421875,0-5000
1268,10406.0,10000.1435546875,9421.1796875,10000-12500
1269,8996.0,8838.2275390625,9033.9609375,7500-10000
1270,10844.0,10788.4482421875,10792.8896484375,10000-12500
1271,13377.0,13199.123046875,13368.0830078125,12500-15000
1272,8479.0,8294.5712890625,8350.8994140625,7500-10000
1273,4544.0,5271.67236328125,4968.5810546875,5000-7500
1274,14781.0,14620.7646484375,15302.0849609375,12500-15000
1275,12646.0,12354.3896484375,12573.59228515625,10000-12500
1276,3858.0,3991.398193359375,3989.66259765625,0-5000
1277,10262.0,10216.2294921875,9488.23828125,10000-12500
1278,14388.0,14302.626953125,14480.279296875,12500-15000
1279,10844.0,10435.373046875,9756.4052734375,10000-12500
1280,13014.0,13034.771484375,13005.671875,12500-15000
1281,8366.0,8617.8037109375,8651.271484375,7500-10000
1282,6015.0,6133.45166015625,6242.3994140625,5000-7500
1283,3625.0,3216.29296875,3177.65625,0-5000
1284,4804.0,4653.7529296875,5058.984375,0-5000
1285,5678.0,5619.0771484375,5694.67578125,5000-7500
1286,3419.0,3604.3505859375,3564.759033203125,0-5000
1287,4668.0,5261.1767578125,5361.8994140625,5000-7500
1288,3625.0,4252.8984375,4258.4248046875,0-5000
1289,3597.0,3575.708740234375,3614.2421875,0-5000
1290,5224.0,5116.353515625,5104.1328125,5000-7500
1291,6147.0,6373.28369140625,6654.1611328125,5000-7500
1292,8016.0,7390.3173828125,7579.181396484375,5000-7500
1293,11148.0,10228.029296875,9997.650390625,10000-12500
1294,13376.0,13395.3515625,13383.22265625,12500-15000
1295,12488.0,12256.7314453125,12884.04833984375,10000-12500
1296,4823.0,4899.95166015625,5416.666259765625,0-5000
1297,11432.0,11581.1689453125,11632.3134765625,10000-12500
1298,5088.0,5067.79150390625,5322.02099609375,5000-7500
1299,8610.0,8596.0703125,8880.095703125,7500-10000
1300,9314.0,9696.2607421875,10146.9140625,7500-10000
1301,8372.0,8725.10546875,8371.67578125,7500-10000
1302,10877.0,10818.935546875,11003.4443359375,10000-12500
1303,4423.0,4489.39208984375,4502.39111328125,0-5000
1304,6216.0,6017.5419921875,6103.94580078125,5000-7500
1305,7933.0,12768.57421875,12695.142578125,12500-15000
1306,10678.0,10237.8271484375,9955.98876953125,10000-12500
1307,5000.0,5379.93798828125,5221.254638671875,5000-7500
1308,4030.0,4998.36376953125,4826.015625,0-5000
1309,10368.0,12381.126953125,12435.0263671875,10000-12500
1310,9663.0,9220.8427734375,9291.4892578125,7500-10000
1311,7757.0,8459.23046875,8508.8955078125,7500-10000
1312,6442.0,6323.7900390625,6406.8515625,5000-7500
1313,2754.0,2940.605712890625,2874.13525390625,0-5000
1314,6152.0,6107.634765625,6074.021484375,5000-7500
1315,14781.0,14274.599609375,14479.8896484375,12500-15000
1316,13377.0,7630.77294921875,7761.70751953125,7500-10000
1317,9564.0,9851.5751953125,10315.025390625,7500-10000
1318,5769.0,6222.193359375,5596.78662109375,5000-7500
1319,5883.0,5912.1162109375,6068.48046875,5000-7500
1320,4804.0,4696.87451171875,5046.686767578125,0-5000
1321,3398.0,3868.803955078125,4052.480712890625,0-5000
1322,9416.0,10349.03515625,10020.7333984375,10000-12500
1323,3841.0,3848.08154296875,3835.571533203125,0-5000
1324,10262.0,10405.228515625,9604.50537109375,10000-12500
1325,4804.0,4772.4892578125,5033.975830078125,0-5000
1326,2437.0,2796.064697265625,2812.84619140625,0-5000
1327,13797.0,11646.8427734375,11589.1064453125,10000-12500
1328,10368.0,10597.6884765625,10401.55078125,10000-12500
1329,7081.0,7137.92041015625,7535.858154296875,5000-7500
1330,3100.0,3190.412841796875,3142.404052734375,0-5000
1331,4804.0,4794.60595703125,5038.627197265625,0-5000
1332,3841.0,4092.6162109375,3977.826171875,0-5000
1333,8586.0,8809.9638671875,8517.7109375,7500-10000
1334,11200.0,10885.5927734375,11198.44921875,10000-12500
1335,8586.0,8720.4619140625,8870.0615234375,7500-10000
1336,11432.0,11934.833984375,11580.78515625,10000-12500
1337,12940.0,12683.0048828125,12609.068359375,12500-15000
1338,5644.0,4781.18994140625,4944.60693359375,0-5000
1339,10877.0,10260.6689453125,9874.79296875,10000-12500
1340,7229.0,6899.0400390625,7032.5029296875,5000-7500
1341,8586.0,9871.5859375,9683.0361328125,7500-10000
1342,10368.0,10362.46875,9881.72705078125,10000-12500
1343,9863.0,10133.591796875,10522.5205078125,10000-12500
1344,4864.0,5554.15576171875,5653.2001953125,5000-7500
1345,13591.0,14678.38671875,14926.6884765625,12500-15000
1346,12384.0,11550.4658203125,11818.064453125,10000-12500
1347,12373.0,12407.869140625,12942.81298828125,10000-12500
1348,10368.0,10441.5244140625,9885.3125,10000-12500
1349,12723.0,12163.76953125,11958.06103515625,10000-12500
1350,5769.0,5755.3828125,5662.5009765625,5000-7500
1351,7006.0,7189.31494140625,7655.1171875,5000-7500
1352,8372.0,8464.3486328125,8462.2587890625,7500-10000
1353,14178.0,14112.962890625,14221.15625,12500-15000
1354,8452.0,8543.44140625,8449.62109375,7500-10000
1355,10844.0,10418.86328125,9735.2109375,10000-12500
1356,4668.0,4926.55810546875,5041.182373046875,0-5000
1357,14571.0,14562.404296875,15259.427734375,12500-15000
1358,3841.0,3804.9345703125,3814.28173828125,0-5000
1359,3873.0,3869.26123046875,3842.818359375,0-5000
1360,16372.0,14790.51171875,14341.0703125,12500-15000
1361,14897.0,14502.5712890625,15387.84423828125,12500-15000
1362,8614.0,8594.9453125,8805.06640625,7500-10000
1363,9653.0,9339.8095703125,9562.70703125,7500-10000
1364,3574.0,3655.71728515625,3700.97119140625,0-5000
1365,5755.0,4776.005859375,4924.4638671875,0-5000
1366,13432.0,13412.765625,13320.2294921875,12500-15000
1367,8669.0,8549.6142578125,8610.63671875,7500-10000
1368,6795.0,8284.181640625,7636.0673828125,7500-10000
1369,9663.0,11072.654296875,11083.572265625,10000-12500
1370,11789.0,11983.7841796875,11548.10546875,10000-12500
1371,10262.0,10315.2421875,9620.5078125,10000-12500
1372,8844.0,9580.125,10066.44140625,7500-10000
1373,4544.0,5121.3876953125,4907.201171875,5000-7500
1374,2227.0,2266.66796875,2268.2939453125,0-5000
1375,13292.0,13284.5146484375,13295.5810546875,12500-15000
1376,14300.0,14236.365234375,14262.87890625,12500-15000
1377,10844.0,10689.7060546875,10834.5087890625,10000-12500
1378,5158.0,5169.38037109375,4974.3759765625,5000-7500
1379,12819.0,13522.4482421875,12822.5244140625,12500-15000
1380,6628.0,6463.87353515625,6376.50390625,5000-7500
1381,10262.0,10290.3310546875,9757.033203125,10000-12500
1382,4544.0,5125.74658203125,5269.800048828125,5000-7500
1383,12373.0,12302.705078125,12923.5166015625,10000-12500
1384,11281.0,11389.21484375,10919.1650390625,10000-12500
1385,6938.0,6959.15478515625,6903.2216796875,5000-7500
1386,11228.0,10838.16796875,10905.0546875,10000-12500
1387,5636.0,5547.68505859375,5777.2861328125,5000-7500
1388,4319.0,4436.14599609375,4551.76806640625,0-5000
1389,14781.0,14815.072265625,15246.3349609375,12500-15000
1390,8586.0,8570.7998046875,8985.9853515625,7500-10000
1391,2754.0,2941.71923828125,2790.240478515625,0-5000
1392,3597.0,3572.7626953125,3576.59716796875,0-5000
1393,4050.0,4082.060791015625,4066.03076171875,0-5000
1394,8016.0,8063.2197265625,7998.08642578125,7500-10000
1395,13014.0,13139.6513671875,13021.3642578125,12500-15000
1396,2754.0,3018.5732421875,3094.947021484375,0-5000
1397,6307.0,6358.95751953125,6098.3798828125,5000-7500
1398,4804.0,4732.02392578125,5046.028076171875,0-5000
1399,14960.0,14881.8291015625,15215.095703125,12500-15000
1400,8662.0,8820.09765625,8570.7900390625,7500-10000
1401,19644.0,18951.875,18149.130859375,gte_15000
1402,10844.0,10571.0107421875,10844.7197265625,10000-12500
1403,8224.0,8265.365234375,8261.7255859375,7500-10000
1404,6037.0,6722.45654296875,6214.96142578125,5000-7500
1405,12692.0,12943.1923828125,12039.12353515625,12500-15000
1406,7308.0,9197.51953125,8591.998046875,7500-10000
1407,11733.0,11054.279296875,11686.2421875,10000-12500
1408,14714.0,14599.8271484375,15278.693359375,12500-15000
1409,14388.0,14212.84765625,14335.0888671875,12500-15000
1410,7229.0,7193.43017578125,7597.692626953125,5000-7500
1411,10493.0,10778.9541015625,10794.9462890625,10000-12500
1412,11222.0,11451.009765625,11211.87109375,10000-12500
1413,7670.0,8397.2294921875,8289.505859375,7500-10000
1414,10877.0,10528.7568359375,11088.3798828125,10000-12500
1415,11507.0,11338.2060546875,11258.9697265625,10000-12500
1416,4466.0,6423.97509765625,6799.20068359375,5000-7500
1417,13801.0,13729.900390625,13517.0908203125,12500-15000
1418,12384.0,11225.0634765625,11390.4521484375,10000-12500
1419,10678.0,10145.25390625,9813.51708984375,10000-12500
1420,14388.0,14011.25390625,14418.8935546875,12500-15000
1421,4319.0,3699.87646484375,4139.60595703125,0-5000
1422,5678.0,5648.1845703125,5635.05615234375,5000-7500
1423,9663.0,9720.9765625,10349.58642578125,7500-10000
1424,5769.0,5645.30517578125,5760.009765625,5000-7500
1425,4668.0,5072.5537109375,5217.6044921875,5000-7500
1426,8372.0,8408.751953125,8472.291015625,7500-10000
1427,11733.0,10693.7666015625,10736.8486328125,10000-12500
1428,4804.0,4763.95556640625,5007.58984375,0-5000
1429,10262.0,10301.6181640625,9652.685546875,10000-12500
1430,21219.0,20794.029296875,20339.419921875,gte_15000
1431,9929.0,9570.9833984375,10038.99658203125,7500-10000
1432,11411.0,12451.287109375,12119.43212890625,10000-12500
1433,3100.0,3096.33935546875,3028.29541015625,0-5000
1434,11150.0,11098.166015625,11150.326171875,10000-12500
1435,16704.0,16658.408203125,16702.3671875,gte_15000
1436,3100.0,3181.092529296875,3093.69580078125,0-5000
1437,9794.0,10322.6376953125,10254.9140625,10000-12500
1438,3257.0,3319.945068359375,3277.767333984375,0-5000
1439,4145.0,4448.98779296875,4542.5791015625,0-5000
1440,7229.0,7212.86376953125,7693.035400390625,5000-7500
1441,11753.0,12394.4990234375,12354.666015625,10000-12500
